id	parent_id	author	parent_name	ups	downs	score	mensagem	concordaNoticia	concordaMae	aFavorBolsonaro	aFavorLula	parent_message
hegtdwm	t3_pwgft0	freddyjoker	Raiz	242	0	242	O importante é aprender a lição: não votar em retardado como forma de protesto	1		0		
heh1kxy	t1_hegtdwm	MisterVovo	freddyjoker	133	0	133	Vc tá querendo demais do brasileiro... Vai esquecer essa lição em dois meses		0	0		O importante é aprender a lição: não votar em retardado como forma de protesto
hehbxuo	t1_heh1kxy	silentAgony38190	MisterVovo	29	0	29	Vai esquecer? Já esqueceu.		1	0		Vc tá querendo demais do brasileiro... Vai esquecer essa lição em dois meses
hehgemw	t1_heh1kxy	Kafigoto	MisterVovo	15	0	15	Já esqueceu		1	0		Vc tá querendo demais do brasileiro... Vai esquecer essa lição em dois meses
heht1vm	t1_hehgemw	Kommentator01	Kafigoto	32	0	32	Tu percebe que BR tem memória de peixe quando vê Collor de Mello ocupando cargo político....		1	0		Já esqueceu
hei1t5h	t1_hehgemw	Donovam777	Kafigoto	6	0	6	O que você disse???		0			Já esqueceu
hej06gx	t1_heh1kxy	NicollasA	MisterVovo	1	0	1	>Vc tá querendo demais do brasileiro...  "Brasileiro bad"					Vc tá querendo demais do brasileiro... Vai esquecer essa lição em dois meses
heh4943	t1_hegtdwm	Deathly_Disappointed	freddyjoker	34	0	34	Deviam ter aprendido na época do Tiririca, massss né.		1	0		O importante é aprender a lição: não votar em retardado como forma de protesto
heh81sp	t1_heh4943	ghostgnome	Deathly_Disappointed	79	0	79	Lembrete diário de que o Tiririca está em seu terceiro mandato mesmo após descumprir sua única promessa, a de que não ficaria pior que estava.		1	0		Deviam ter aprendido na época do Tiririca, massss né.
hehfimo	t1_hegtdwm	sumerioo	freddyjoker	27	0	27	Tu realmente acha que o bolsonaro teve uma parcela grande de "votos de protesto"?  É só ir no Twitter, Instagram, Facebook ou andar pelas ruas pra você ver a quantidade de pessoas que REALMENTE se identificam com o pensamento de um idiota boçal como nosso querido presidente...  Ele foi eleito porque ele REPRESENTA uma ENORME parcela da população brasileira.		0	0		O importante é aprender a lição: não votar em retardado como forma de protesto
hehksts	t1_hehfimo	Paulista666	sumerioo	22	0	22	Cara, quer ver o pulo do gato de rede social? Faz o seguinte, entra no YouTube e por exemplo, veja o tanto de comentário que tem em vídeos de certos canais (CNN, Band, etc). Você vai ver uma enxurrada de negativo no vídeo e comentários contra o veículo.  Aí, entra no "Shorts" de algum desses mesmos canais. **Não** tem negativo e nem comentários contra. Óbvio, porque os bots/mavs não foram direcionados pra lá, simplesmente esqueceram de fazer isso. E acho que nem tem como.  Se fosse algo orgânico, isso aconteceria em todos os locais. Mas não, é direcionado, arquitetado. Um bando de gente comentando a mesma coisa todo dia no mesmo local. Só que muda o local e do nada todo mundo some.  Tme uma turminha que segue sim a fio. Mas o que aconteceu dia 7 só mostrou que é uma parcela pequena da população.		0	0		Tu realmente acha que o bolsonaro teve uma parcela grande de "votos de protesto"?  É só ir no Twitter, Instagram, Facebook ou andar pelas ruas pra você ver a quantidade de pessoas que REALMENTE se identificam com o pensamento de um idiota boçal como nosso querido presidente...  Ele foi eleito porque ele REPRESENTA uma ENORME parcela da população brasileira.
hehp7sy	t1_hehksts	sumerioo	Paulista666	4	0	4	> só mostrou que é uma parcela pequena da população  o cara ganhou uma eleição e ainda tem 25% de aprovação de acordo com pesquisas.  o cara ainda aparece como segundo lugar geral em pesquisas eleitorais para a presidencia no ano que vem.  na rua nao tem bot mas eu "trombo" diariamente como todo o tipo de bolsonarista.  se tu acha que a parcela que ele "detem" é pequena voce está em desilusão.		0	0		Cara, quer ver o pulo do gato de rede social? Faz o seguinte, entra no YouTube e por exemplo, veja o tanto de comentário que tem em vídeos de certos canais (CNN, Band, etc). Você vai ver uma enxurrada de negativo no vídeo e comentários contra o veículo.  Aí, entra no "Shorts" de algum desses mesmos canais. **Não** tem negativo e nem comentários contra. Óbvio, porque os bots/mavs não foram direcionados pra lá, simplesmente esqueceram de fazer isso. E acho que nem tem como.  Se fosse algo orgânico, isso aconteceria em todos os locais. Mas não, é direcionado, arquitetado. Um bando de gente comentando a mesma coisa todo dia no mesmo local. Só que muda o local e do nada todo mundo some.  Tme uma turminha que segue sim a fio. Mas o que aconteceu dia 7 só mostrou que é uma parcela pequena da população.
hei76d2	t1_hehp7sy	SadBlackMage	sumerioo	6	0	6	Maioria das pessoas o apoia por conservadorismo religioso, medo de perder privilégios em um governo de esquerda ou por ver nele um símbolo de masculinidade tradicional(sabe-se lá porque).  São uma parcela significativa da população, mas não são o brasileiro médio que está fazendo malabarismo financeiro pra pagar 7 reais de gasolina e 100 de gás.		0	0		> só mostrou que é uma parcela pequena da população  o cara ganhou uma eleição e ainda tem 25% de aprovação de acordo com pesquisas.  o cara ainda aparece como segundo lugar geral em pesquisas eleitorais para a presidencia no ano que vem.  na rua nao tem bot mas eu "trombo" diariamente como todo o tipo de bolsonarista.  se tu acha que a parcela que ele "detem" é pequena voce está em desilusão.
hel67ac	t1_hegtdwm	Esticlovaka	freddyjoker	1	0	1	Tão votando no lula dnv, pelo visto não aprenderam a lição	0	0		0	O importante é aprender a lição: não votar em retardado como forma de protesto
hel8ub0	t1_hel67ac	miraidensetsu	Esticlovaka	1	0	1	E qual seria uma opção melhor e mais viável eleitoralmente do que o Lula? Ciro? Amoêdo?			0	0	Tão votando no lula dnv, pelo visto não aprenderam a lição
hekv1yk	t1_hegtdwm	kilerppk	freddyjoker	2	0	2	Ei, bom dia, o termo retardado é capacitista, usado para se referir a pessoas com deficiência intelectual/autismo e de forma ofensiva.	1	1	0		O importante é aprender a lição: não votar em retardado como forma de protesto
hejclax	t1_hegtdwm	Ton1tee	freddyjoker	0	0	0	é o que está acontecendo com o Lula, pessoal quer votar nele só pra tirar o Bolsonaro, quando na real devíamos votar em candidatos verdadeiramente bons.	0	0		0	O importante é aprender a lição: não votar em retardado como forma de protesto
hek86n4	t1_hejclax	thosed29	Ton1tee	4	0	4	Eu voto no Lula porque eu acho ele um candidato verdadeiramente bom.  E ele liderava todas as pesquisas contra o Boslonaro pré-2018 então acho que muita gente vota nele porque gosta dele mesmo.	1	0	0	1	é o que está acontecendo com o Lula, pessoal quer votar nele só pra tirar o Bolsonaro, quando na real devíamos votar em candidatos verdadeiramente bons.
hekej50	t1_hek86n4	Ton1tee	thosed29	3	0	3	Claro, se tu analisar sem muito aprofundamento, o Brasil só cresceu no mandato dele, e esse é o principal argumento a favor dele, agora, se tu for ver na prática o que ele fez, tu vai ver que ele é apenas um Presidente de obra pronta, não tem cacife para reerguer um país, que é o que o Brasil realmente precisa.		0		0	Eu voto no Lula porque eu acho ele um candidato verdadeiramente bom.  E ele liderava todas as pesquisas contra o Boslonaro pré-2018 então acho que muita gente vota nele porque gosta dele mesmo.
helavuc	t1_hekej50	Signal-Dot-7237	Ton1tee	1	0	1	Se analisar direito, um presidente faz um trabalho tão bom quanto seu antecessor. Fhc deixou a economia do brasil bem equilibrada e metade dos projetos que o Lula fez já engatilhados. Os únicos que o Lula pode tomar para si são o fome zero(que deu errado) e a transposição do São Francisco (que até hoje não tá feita, já teve um custo 5x maior que o previsto).   Ok, ele reestruturou de maneira bem feita (e pouco sustentável) os programas sociais existentes, mas não sei se ele teria condições de lidar com a economia atual do Brasil.		1		0	Claro, se tu analisar sem muito aprofundamento, o Brasil só cresceu no mandato dele, e esse é o principal argumento a favor dele, agora, se tu for ver na prática o que ele fez, tu vai ver que ele é apenas um Presidente de obra pronta, não tem cacife para reerguer um país, que é o que o Brasil realmente precisa.
hel903p	t1_hejclax	miraidensetsu	Ton1tee	1	0	1	E quem seria esse candidato? Nomes, por favor.					é o que está acontecendo com o Lula, pessoal quer votar nele só pra tirar o Bolsonaro, quando na real devíamos votar em candidatos verdadeiramente bons.
helcele	t1_hel903p	Signal-Dot-7237	miraidensetsu	1	0	1	Bixo, o Zema governador de Minas (apesar de ser do partido novo) tem feito um trabalho muito bom. O cara tá resolvendo o problema dos servidores com verbas atrasadas, resolveu o problema dos imóveis estatais (o estado alugava imóvel superfaturado pra funcionar as repartições mesmo tendo imóveis alugados para terceiros a preço de banana, puta esquema de corrupção), tá negociando de maneira efetiva com a vale e colocou a ALMG no lugar dela, não tem mais essa de passar verba pra deputado estadual pra ele repassar pra quem quiser e sumir com metade. Com isso todas as cidades estão recebendo verbas (proporcionais ao número de habitantes, pib e tals), bem como escolas e programas estaduais. Acho que vale a pena acompanhar o trabalho dele.			0	0	E quem seria esse candidato? Nomes, por favor.
heipubl	t1_hegtdwm	EitaNossa	freddyjoker	-3	0	-3	E votar no partido que causou a maior crise econômica da história do país e o maior caso de corrupção do planeta tudo bem?  &#x200B;  É bem inocente acreditar que da noite para o dia o brasileiro vai votar em nanicos, como também acreditar que você sabe de antemão como seria o governo destes.  &#x200B;  Então vai acontecer o mesmo de sempre, se o Lula concorrer, vai acabar Lula contra Bolsonaro. E os que se fazem de isentões, irão votar no partido que destruiu o país e pretende repetir o feito com a promessa de explodir o teto de gastos.  &#x200B;  Votar no Brasil sempre foi uma questão de colocar o menos pior, e contra o Haddad (que prometia também explodir o teto de gastos, citado pelo meirelles como plano que certamente causaria outra recessão, e isso antes de pandemia existir), Bolsonaro continuou sendo o menos pior.	0	0		0	O importante é aprender a lição: não votar em retardado como forma de protesto
heixmen	t1_heipubl	freddyjoker	EitaNossa	3	0	3	O governo dele foi exatamente tudo o que tentamos avisar que seria, mais especialmente um retrocesso democrático. Qualquer opção com humanidade supera uma opção desumana, qualquer opção que respeita a democracia é melhor que um autoritário fascista. A gente pode lutar contra corrupção, pode lutar por um plano econômico melhor, mas não pode deixar a luta cair pra se vai ter golpe, se vai ter eleição, se o presidente vai respeitar os outros poderes. Bolsonaro nunca é o menos pior, contra nenhum candidato.	1	0	0		E votar no partido que causou a maior crise econômica da história do país e o maior caso de corrupção do planeta tudo bem?  &#x200B;  É bem inocente acreditar que da noite para o dia o brasileiro vai votar em nanicos, como também acreditar que você sabe de antemão como seria o governo destes.  &#x200B;  Então vai acontecer o mesmo de sempre, se o Lula concorrer, vai acabar Lula contra Bolsonaro. E os que se fazem de isentões, irão votar no partido que destruiu o país e pretende repetir o feito com a promessa de explodir o teto de gastos.  &#x200B;  Votar no Brasil sempre foi uma questão de colocar o menos pior, e contra o Haddad (que prometia também explodir o teto de gastos, citado pelo meirelles como plano que certamente causaria outra recessão, e isso antes de pandemia existir), Bolsonaro continuou sendo o menos pior.
hejcynl	t1_heixmen	Ton1tee	freddyjoker	-4	0	-4	Bom, então já vou deixar avisado que com o Lula não vai mudar nada.	0	0		0	O governo dele foi exatamente tudo o que tentamos avisar que seria, mais especialmente um retrocesso democrático. Qualquer opção com humanidade supera uma opção desumana, qualquer opção que respeita a democracia é melhor que um autoritário fascista. A gente pode lutar contra corrupção, pode lutar por um plano econômico melhor, mas não pode deixar a luta cair pra se vai ter golpe, se vai ter eleição, se o presidente vai respeitar os outros poderes. Bolsonaro nunca é o menos pior, contra nenhum candidato.
hejgiug	t1_hejcynl	freddyjoker	Ton1tee	2	0	2	Vai pq o Lula aprendeu oq não fazer kkkk	1	0	0	1	Bom, então já vou deixar avisado que com o Lula não vai mudar nada.
heiyzdh	t1_heixmen	EitaNossa	freddyjoker	-5	0	-5	Retrocesso democrático? Os 3 poderes estão lá intactos, o que mudou? Ele não passou nenhuma reforma na constituição que mudou como as eleições funcionam, não aumentou os poderes do presidente e muito menos está censurando a mídia como uns prometem fazer.  Único evento desde a redemocratização que feriu a democracia foi o mensalão onde houve comprovadamente compra de votos para obter a maioria da bancada, tecnicamente paralizando e corrompendo o processo democrático usando de propina, roubada de estatal inclusive.  Fascista, você nem sabe o que é fascismo. Fascismo é tudo pelo estado, e se o Bolsonaro fez algo, foi entregar o poder do estado diminuindo impostos federais e acelerando privatizações, sem contar aumentar o direito das pessoas de armarem. É o oposto do que fascistas fazem.  O único fascismo que existe é na sua imaginação, ou nas besteiras que o Bolsonaro diz, porém não se encontra em nenhuma ação do Estado sob ele, ao menos não de forma diferente do que era antes.  Não cansa de ficar repetindo a besteira de vai ter golpe não? Ou o Bolsonado se aliou ao centrão ou vai ter golpe, achar que os 2 vão acontecer simultâneamente é paradoxal. Os 3 poderes estão lá para um manter o outro em cheque, e o STF cometeu abusos. Não estão lá para ficarem de mãos dadas.		0	0		O governo dele foi exatamente tudo o que tentamos avisar que seria, mais especialmente um retrocesso democrático. Qualquer opção com humanidade supera uma opção desumana, qualquer opção que respeita a democracia é melhor que um autoritário fascista. A gente pode lutar contra corrupção, pode lutar por um plano econômico melhor, mas não pode deixar a luta cair pra se vai ter golpe, se vai ter eleição, se o presidente vai respeitar os outros poderes. Bolsonaro nunca é o menos pior, contra nenhum candidato.
heizx68	t1_heiyzdh	freddyjoker	EitaNossa	6	0	6	Fica difícil debater quando você claramente não tem a menor noção do que significa Fascismo. Pode pegar o consenso da maioria dos historiadores, filósofos e cientistas políticos, não sou só eu que estou dizendo.  Querer dissociar as coisas que ele diz das coisas que ele faz é tratá-lo como uma criança mimada, que bosta de governante é esse? Ele está constantemente ameaçando os outros poderes e já tivemos sinais de que, embora ele seja um covarde, suas bravatas influenciam negativamente a população. Haja visto as várias prisões feitas por ameaças ao STF e os caminhões que bloquearam vias depois do 7 de Setembro.   Como ele age é tão importante quanto as suas ações, porque ele é um representante popular, está em evidência e numa posição de poder. Nada do que ele está falando é perdoável só porque ele além de mentiroso e hipócrita, é um covarde. Beleza de governante.		0	0		Retrocesso democrático? Os 3 poderes estão lá intactos, o que mudou? Ele não passou nenhuma reforma na constituição que mudou como as eleições funcionam, não aumentou os poderes do presidente e muito menos está censurando a mídia como uns prometem fazer.  Único evento desde a redemocratização que feriu a democracia foi o mensalão onde houve comprovadamente compra de votos para obter a maioria da bancada, tecnicamente paralizando e corrompendo o processo democrático usando de propina, roubada de estatal inclusive.  Fascista, você nem sabe o que é fascismo. Fascismo é tudo pelo estado, e se o Bolsonaro fez algo, foi entregar o poder do estado diminuindo impostos federais e acelerando privatizações, sem contar aumentar o direito das pessoas de armarem. É o oposto do que fascistas fazem.  O único fascismo que existe é na sua imaginação, ou nas besteiras que o Bolsonaro diz, porém não se encontra em nenhuma ação do Estado sob ele, ao menos não de forma diferente do que era antes.  Não cansa de ficar repetindo a besteira de vai ter golpe não? Ou o Bolsonado se aliou ao centrão ou vai ter golpe, achar que os 2 vão acontecer simultâneamente é paradoxal. Os 3 poderes estão lá para um manter o outro em cheque, e o STF cometeu abusos. Não estão lá para ficarem de mãos dadas.
hegzdll	t3_pwgft0	Pkmn-	Raiz	103	0	103	Spoiler: as fake news do zap vão assustar eles de novo e vão votar 17 no sigilo	0		0		
heh4ik7	t1_hegzdll	dapper_drake	Pkmn-	64	0	64	Não sei o pobre que literalmente parou de fazer as três refeições.  Mas a classe média isentona e cheirosinha com certeza vai votar no Bolsonaro quando estiver de frente pra linha do gol.	0	1	0		Spoiler: as fake news do zap vão assustar eles de novo e vão votar 17 no sigilo
helgdfr	t1_heh4ik7	Quiet-Brazilian-71	dapper_drake	1	0	1	Com o dólar do jeito que está acho difícil	1	0	0		Não sei o pobre que literalmente parou de fazer as três refeições.  Mas a classe média isentona e cheirosinha com certeza vai votar no Bolsonaro quando estiver de frente pra linha do gol.
heh0qrd	t1_hegzdll	Goldy_thesupp	Pkmn-	17	0	17	Me incomoda muito a arrogância e determinismo que a "esquerda iluminada" tem. Sério, essa mentalidade binária e simplista, por mais que acerte as vezes, só sedimenta essa diferença e corta ponte pra fazer justamente política.  Quando você trata quem é diferente de você como "inimigo", "culpado" e "do mal" por natureza você perde a oportunidade de fazer pontes. Talvez aquele rolê de bloquear geral que não concorda contigo em rede social seja um dos pontos chave do porque a esquerda não consegue mais penetrar na pessoa que não é de esquerda.		0	0		Spoiler: as fake news do zap vão assustar eles de novo e vão votar 17 no sigilo
heha3do	t1_heh0qrd	triamasp	Goldy_thesupp	37	0	37	Se por “quem não concorda” voce ta falando em quem ve o bolsonaro falando que “preto nao serve nem pra procriar,” ou que “se nao fosse feia te estuprava” e passa pano em racismo nojento, e fala que nao tem nada de preocupante tentar se impor numa discussão com uma mulher ameaçado viola-la, ou que no voto pro impeachment da dilma (que foi torturada na ditadura), mandar um “em homenagem ao ustra, terror da dilma,” e acha isso sequer aceitável ou ignoravel, bloqueio sim e nao faco mais questao de falar com essa pessoa nao.  Se voce vem com esse discurso de pensa diferente e pensamento fosse “eu gosto de futebol” é uma coisa. Se o pensamento diferente em questão é de um supremacista branco ou alguem que nao se importa em violência contra mulher, nao quero fazer ponte nenhuma com essa gente nao. Elas precisam é de na melhor das hipóteses educação, na pior serem presas. Nao quero ponte nenhuma nao.		0	0		Me incomoda muito a arrogância e determinismo que a "esquerda iluminada" tem. Sério, essa mentalidade binária e simplista, por mais que acerte as vezes, só sedimenta essa diferença e corta ponte pra fazer justamente política.  Quando você trata quem é diferente de você como "inimigo", "culpado" e "do mal" por natureza você perde a oportunidade de fazer pontes. Talvez aquele rolê de bloquear geral que não concorda contigo em rede social seja um dos pontos chave do porque a esquerda não consegue mais penetrar na pessoa que não é de esquerda.
hehbtbk	t1_heha3do	Goldy_thesupp	triamasp	1	0	1	Esse é o problema cara, tu acha que as pessoas que apoiam o bolsonaro são ligadas em política e passam o dia se horrorizando com fofoca política. Isso é estar preso na bolha.  Tu pega alguns exemplos de lixo humano que apoiam o bolsonaro e extrapola pra qualquer pessoa que tenha cogitado votar ou votado nele, a bolha bolsonarista de 2018, e talvez uma parte significativa da bolha bolsonarista de hoje sequer sabe desses episódios, eles circulam quase que exclusivamente entre pessoas de esquerda. Outro dia numa social uma guria chorou real vendo alguns desses vídeos do bolsonaro, ficou revoltada ali, ao vivo e a cores, porque até então o único "contato" dela com a ideia de que o bolsonaro era quem é tinha sido de gente à esquerda falando merda e não sabendo construir base antes de falar.  Vocês fazem com a direita exatamente o que a direita faz com a esquerda, parte do princípio arrogante de que vocês conhecem a verdade e o outro não, e que é DEVER do outro correr atrás pra ser iluminado igual a você. Só que do ponto de vista dele, o burro, ignorante e  alienado/manipulado da história é você e as outras pessoas de esquerda. =)  E sinceramente, eu acho impressionante como gente que se julga tão esclarecida, moderna e descolada não seja capaz de enxergar como essa mentalidade binária é arcaica e reducionista. Pra mim isso só reforça o fato de que humanos, na hora se diferenciarem de chimpanzés, não teriam o direito de se distinguirem enquanto racionais, já que adotam praticamente as mesmas abordagens na hora de lidar com outro grupo.		0	0		Se por “quem não concorda” voce ta falando em quem ve o bolsonaro falando que “preto nao serve nem pra procriar,” ou que “se nao fosse feia te estuprava” e passa pano em racismo nojento, e fala que nao tem nada de preocupante tentar se impor numa discussão com uma mulher ameaçado viola-la, ou que no voto pro impeachment da dilma (que foi torturada na ditadura), mandar um “em homenagem ao ustra, terror da dilma,” e acha isso sequer aceitável ou ignoravel, bloqueio sim e nao faco mais questao de falar com essa pessoa nao.  Se voce vem com esse discurso de pensa diferente e pensamento fosse “eu gosto de futebol” é uma coisa. Se o pensamento diferente em questão é de um supremacista branco ou alguem que nao se importa em violência contra mulher, nao quero fazer ponte nenhuma com essa gente nao. Elas precisam é de na melhor das hipóteses educação, na pior serem presas. Nao quero ponte nenhuma nao.
hehgk34	t1_hehbtbk	Professional_Lie1641	Goldy_thesupp	22	0	22	Ninguém nesse país com uma conexão com a internet está sem saber de pelo menos o básico do que ele fez, e quando os apoiadores ouvem o que ele fala eles só ignoram. Esse papinho de dois lados porco é insano, até porque não é função da esquerda ensinar que estupro é errado. Não tem nem comparação entre um cara que apoia o Bolsonaro com base em notícias falsas vistas pelo Facebook e uma área normal do espectro político, só liberal manda uma dessas. O outro grupo literalmente quer fazer uma ditadura, mas temos que ser compreensivos		0	0		Esse é o problema cara, tu acha que as pessoas que apoiam o bolsonaro são ligadas em política e passam o dia se horrorizando com fofoca política. Isso é estar preso na bolha.  Tu pega alguns exemplos de lixo humano que apoiam o bolsonaro e extrapola pra qualquer pessoa que tenha cogitado votar ou votado nele, a bolha bolsonarista de 2018, e talvez uma parte significativa da bolha bolsonarista de hoje sequer sabe desses episódios, eles circulam quase que exclusivamente entre pessoas de esquerda. Outro dia numa social uma guria chorou real vendo alguns desses vídeos do bolsonaro, ficou revoltada ali, ao vivo e a cores, porque até então o único "contato" dela com a ideia de que o bolsonaro era quem é tinha sido de gente à esquerda falando merda e não sabendo construir base antes de falar.  Vocês fazem com a direita exatamente o que a direita faz com a esquerda, parte do princípio arrogante de que vocês conhecem a verdade e o outro não, e que é DEVER do outro correr atrás pra ser iluminado igual a você. Só que do ponto de vista dele, o burro, ignorante e  alienado/manipulado da história é você e as outras pessoas de esquerda. =)  E sinceramente, eu acho impressionante como gente que se julga tão esclarecida, moderna e descolada não seja capaz de enxergar como essa mentalidade binária é arcaica e reducionista. Pra mim isso só reforça o fato de que humanos, na hora se diferenciarem de chimpanzés, não teriam o direito de se distinguirem enquanto racionais, já que adotam praticamente as mesmas abordagens na hora de lidar com outro grupo.
hehws7r	t1_hehgk34	Goldy_thesupp	Professional_Lie1641	-5	0	-5	Sai da bolha e vai na casa da sua tia bolsonarista pra dar uma olhada em como ela se informa. Tu acha que a Internet é neutra e não tem retroalimentação e omissão em pleno 2021.		0	0		Ninguém nesse país com uma conexão com a internet está sem saber de pelo menos o básico do que ele fez, e quando os apoiadores ouvem o que ele fala eles só ignoram. Esse papinho de dois lados porco é insano, até porque não é função da esquerda ensinar que estupro é errado. Não tem nem comparação entre um cara que apoia o Bolsonaro com base em notícias falsas vistas pelo Facebook e uma área normal do espectro político, só liberal manda uma dessas. O outro grupo literalmente quer fazer uma ditadura, mas temos que ser compreensivos
hehww23	t1_hehws7r	Professional_Lie1641	Goldy_thesupp	5	0	5	Tem sim, mas tem que ser muito otário pra achar que eles não sabem das piores coisas que ele fez. Eu já falei com Bolsominions eu SEI que eles sabem, tendeu?		0	0		Sai da bolha e vai na casa da sua tia bolsonarista pra dar uma olhada em como ela se informa. Tu acha que a Internet é neutra e não tem retroalimentação e omissão em pleno 2021.
hejqqyq	t1_hehww23	Kellar21	Professional_Lie1641	0	0	0	Lógico que eles sabem, eles só não ligam.  O que o user ali em cima disse tá certo por um lado.  A direita da de 10 a zero em propaganda na esquerda, principalmente no Brasil.  Vide 2018, a esquerda não soube ler como estava  a opinião pública, brigou entre si e botou um cara ligado com quem, pra boa parte da população, era um bandido, e ainda reforçaram essa ligação.		1	0	0	Tem sim, mas tem que ser muito otário pra achar que eles não sabem das piores coisas que ele fez. Eu já falei com Bolsominions eu SEI que eles sabem, tendeu?
hek8nf8	t1_hejqqyq	thosed29	Kellar21	1	0	1	>A direita da de 10 a zero em propaganda na esquerda, principalmente no Brasil.  Sim. Porque a direita tem poder institucional e a esquerda não.  >Vide 2018, a esquerda não soube ler como estava a opinião pública, brigou entre si e botou um cara ligado com quem, pra boa parte da população, era um bandido, e ainda reforçaram essa ligação.  Errado. A esquerda 'classe média alta' -- a que realmente se identifica com a esquerda e que faz "leitura" sobre opinião pública -- votou no Ciro Gomes. Ele ficou em segundo lugar em quase todo bairro rico do Sudeste. Eu mesmo votei no Ciro (algo que eu me arrependo).  Quem fez o Haddad chegar no segundo turno não foi a 'esquerda' e sim a classe DE e a população do interior do Nordeste.		1	0	0	Lógico que eles sabem, eles só não ligam.  O que o user ali em cima disse tá certo por um lado.  A direita da de 10 a zero em propaganda na esquerda, principalmente no Brasil.  Vide 2018, a esquerda não soube ler como estava  a opinião pública, brigou entre si e botou um cara ligado com quem, pra boa parte da população, era um bandido, e ainda reforçaram essa ligação.
hehgtf5	t1_hehbtbk	suedeertx	Goldy_thesupp	-6	0	-6	É exatamente isso		1	0		Esse é o problema cara, tu acha que as pessoas que apoiam o bolsonaro são ligadas em política e passam o dia se horrorizando com fofoca política. Isso é estar preso na bolha.  Tu pega alguns exemplos de lixo humano que apoiam o bolsonaro e extrapola pra qualquer pessoa que tenha cogitado votar ou votado nele, a bolha bolsonarista de 2018, e talvez uma parte significativa da bolha bolsonarista de hoje sequer sabe desses episódios, eles circulam quase que exclusivamente entre pessoas de esquerda. Outro dia numa social uma guria chorou real vendo alguns desses vídeos do bolsonaro, ficou revoltada ali, ao vivo e a cores, porque até então o único "contato" dela com a ideia de que o bolsonaro era quem é tinha sido de gente à esquerda falando merda e não sabendo construir base antes de falar.  Vocês fazem com a direita exatamente o que a direita faz com a esquerda, parte do princípio arrogante de que vocês conhecem a verdade e o outro não, e que é DEVER do outro correr atrás pra ser iluminado igual a você. Só que do ponto de vista dele, o burro, ignorante e  alienado/manipulado da história é você e as outras pessoas de esquerda. =)  E sinceramente, eu acho impressionante como gente que se julga tão esclarecida, moderna e descolada não seja capaz de enxergar como essa mentalidade binária é arcaica e reducionista. Pra mim isso só reforça o fato de que humanos, na hora se diferenciarem de chimpanzés, não teriam o direito de se distinguirem enquanto racionais, já que adotam praticamente as mesmas abordagens na hora de lidar com outro grupo.
hehwwe5	t1_hehgtf5	Goldy_thesupp	suedeertx	1	0	1	Só tu ver que geral acha que eu sou minion por ter falado que nem todo mundo que votou e vota no bolsonaro é escroto igual ele. Aiai.		1	0		É exatamente isso
hei0488	t1_hehwwe5	suedeertx	Goldy_thesupp	-3	0	-3	Tomei downvote por ter concordado, a esquerda precisa crescer, todo mundo reclama do twitter mas no final vem pra cá agir igual		1	0	0	Só tu ver que geral acha que eu sou minion por ter falado que nem todo mundo que votou e vota no bolsonaro é escroto igual ele. Aiai.
hehtxuq	t1_heh0qrd	ReneXvv	Goldy_thesupp	17	0	17	Eu acho bem cansativo esse discurso de que a esquerda só não penetra nas pessoas porque é intolerante com o pensamento alheio. O conservadorismo também é intolerante com o pensamento alheio e a gente vive numa sociedade conservadora pra caralho. A homofobia é intrinsicamente intolerante e super popular. Acho que a dificuldade de fazer politica no campo da esquerda tem menos a ver com insistir que é anti-etico ser homofobico, querer menos direitos trabalhistas, desmantelar prestações de serviço publico, etc etc e mais a ver com não haver um equivalente de esquerda aos bilhonarios, instituições religiosas e grande midia que investe pesado em difundir suas ideias políticas. Não dizendo que não haja instituições com ideais de esquerda, mas a diferença de poder e alcance é enorme.		0			Me incomoda muito a arrogância e determinismo que a "esquerda iluminada" tem. Sério, essa mentalidade binária e simplista, por mais que acerte as vezes, só sedimenta essa diferença e corta ponte pra fazer justamente política.  Quando você trata quem é diferente de você como "inimigo", "culpado" e "do mal" por natureza você perde a oportunidade de fazer pontes. Talvez aquele rolê de bloquear geral que não concorda contigo em rede social seja um dos pontos chave do porque a esquerda não consegue mais penetrar na pessoa que não é de esquerda.
hehvqda	t1_hehtxuq	Goldy_thesupp	ReneXvv	5	0	5	A gente sabe o que falar, mas não sabe como falar.  O conservadorismo sabe como falar e fala bem, na hora de reunir em torno de uma causa falam quase que exclusivamente sobre os temas com maior ressonância, apelam à emoção de um jeito útil à eles e sabem apelar pras emoções certas. A esquerda acha que dá pra apelar pra empatia de quem enxerga esquerda como inimigo e sinceramente, racha com muita facilidade e tem muita briga de ego por superioridade moral.  Não querendo criar treta mas já criando: A militância de esquerda, ou pelo menos a parte mais barulhenta dela, é essencialmente burra, liberal e segue uma cartilha de como ser esquerdista feita pela DIREITA.  Porque a direita não precisa dar argumentos contra a esquerda, ela deixa que a gente dê péssimos argumentos à favor.		0	0		Eu acho bem cansativo esse discurso de que a esquerda só não penetra nas pessoas porque é intolerante com o pensamento alheio. O conservadorismo também é intolerante com o pensamento alheio e a gente vive numa sociedade conservadora pra caralho. A homofobia é intrinsicamente intolerante e super popular. Acho que a dificuldade de fazer politica no campo da esquerda tem menos a ver com insistir que é anti-etico ser homofobico, querer menos direitos trabalhistas, desmantelar prestações de serviço publico, etc etc e mais a ver com não haver um equivalente de esquerda aos bilhonarios, instituições religiosas e grande midia que investe pesado em difundir suas ideias políticas. Não dizendo que não haja instituições com ideais de esquerda, mas a diferença de poder e alcance é enorme.
hej0pnz	t1_hehvqda	ReneXvv	Goldy_thesupp	6	0	6	Tem um monte de conservador burro pra caralho que não sabe dialogar também, principalmente a parte mais barulhenta. A sua impressão que "o conservadorismo sabe falar e falar bem" vem do fato que existe todo um maquinario de marqueteiros bem pagos para difundir essas ideias pela sociedade, e sim eles são bons no seu trabalho. Mas também tem um monte de gente de esquerda que sabe dialogar e construir argumentos. Como falei a diferença é que simplesmente não é compravel o apoio institucional que cada grupo tem para difundir suas ideias. Não existe grandes instituições midiaticas que ficam reforçando a importância de defender direito trabalhista e os serviços publicos. Não tem grandes instituições religiosas reforçando a importância de respeitar e proteger minorias. E isso vem do fato que as pessoas com mais poder na nossa sociedade tem esse poder via a exploração do trabalho dos outros. Elas precisam convencer gente pobre a votar contra seus interesses economicos então é util pra elas que as igrejas fiquem gritando que o que ta destruindo a sociedade são os gays e pessoas trans, não as pessoas que tão literalmente transformando o país num deserto pra lucrar um pouco mais. Vc ta olhando um punhdo de gente de esquerda idiota, que concordo que existe um monte, e falando que são por causa deles que as pessoas não querem abraçar causas de esquerda. Mas sua análise é muito simplista e ignora essas forças institucionais. Nas suas plavras, é isso mesmo que a direita bem organizada e com apoio institucional ta vendendo, que a esquerda é composta de gente irrazoavel e sem planos concretos, e vc ta caindo nessa. Você fala que a direita não precisa fazer argumentos contra a esquerda, mas ela precisa sim, e gasta dinheiro pra caralho nisso. E esse investimento ta tendo retorno. Quando você fica apontando o dedo pra esquerda chata do twitter como representante de toda a esquerda ignorando todos esses fatores institucionais você ta ajudando eles, e ainda ta fazendo isso de graça.		0	0		A gente sabe o que falar, mas não sabe como falar.  O conservadorismo sabe como falar e fala bem, na hora de reunir em torno de uma causa falam quase que exclusivamente sobre os temas com maior ressonância, apelam à emoção de um jeito útil à eles e sabem apelar pras emoções certas. A esquerda acha que dá pra apelar pra empatia de quem enxerga esquerda como inimigo e sinceramente, racha com muita facilidade e tem muita briga de ego por superioridade moral.  Não querendo criar treta mas já criando: A militância de esquerda, ou pelo menos a parte mais barulhenta dela, é essencialmente burra, liberal e segue uma cartilha de como ser esquerdista feita pela DIREITA.  Porque a direita não precisa dar argumentos contra a esquerda, ela deixa que a gente dê péssimos argumentos à favor.
hekden9	t1_hehtxuq	snib_snib	ReneXvv	-1	0	-1	>Eu acho bem cansativo esse discurso de que a esquerda só não penetra nas pessoas porque é intolerante com o pensamento alheio  Você pode achar cansativo, é apenas a verdade. A esquerda é literalmente conhecida por não tolerar nem mesmo o pensamento de pessoas dentro da esquerda.  >O conservadorismo também é intolerante com o pensamento alheio e a gente vive numa sociedade conservadora pra caralho  Aí que você se engana. E o fato de você não entender porque é mais fácil levar alguém pro conservadorismo do que pra esquerda é porque você está numa bolha fudida.		0			Eu acho bem cansativo esse discurso de que a esquerda só não penetra nas pessoas porque é intolerante com o pensamento alheio. O conservadorismo também é intolerante com o pensamento alheio e a gente vive numa sociedade conservadora pra caralho. A homofobia é intrinsicamente intolerante e super popular. Acho que a dificuldade de fazer politica no campo da esquerda tem menos a ver com insistir que é anti-etico ser homofobico, querer menos direitos trabalhistas, desmantelar prestações de serviço publico, etc etc e mais a ver com não haver um equivalente de esquerda aos bilhonarios, instituições religiosas e grande midia que investe pesado em difundir suas ideias políticas. Não dizendo que não haja instituições com ideais de esquerda, mas a diferença de poder e alcance é enorme.
heh4qsf	t1_heh0qrd	dapper_drake	Goldy_thesupp	12	0	12	Sim, você é só mais um dos que "vai ser obrigado" a votar no Bolsonaro no segundo turno porque foi criticado pela "esquerda iluminada".		0	0		Me incomoda muito a arrogância e determinismo que a "esquerda iluminada" tem. Sério, essa mentalidade binária e simplista, por mais que acerte as vezes, só sedimenta essa diferença e corta ponte pra fazer justamente política.  Quando você trata quem é diferente de você como "inimigo", "culpado" e "do mal" por natureza você perde a oportunidade de fazer pontes. Talvez aquele rolê de bloquear geral que não concorda contigo em rede social seja um dos pontos chave do porque a esquerda não consegue mais penetrar na pessoa que não é de esquerda.
hehad7n	t1_heh4qsf		dapper_drake	4	0	4	[removed]					Sim, você é só mais um dos que "vai ser obrigado" a votar no Bolsonaro no segundo turno porque foi criticado pela "esquerda iluminada".
hehdk4i	t1_hehad7n			0	0	0	[removed]					[removed]
heizqny	t1_heh4qsf	NicollasA	dapper_drake	-3	0	-3	Não sei se ele votaria ou não, mas existe um problema de comunicação sim. As pessoas poderiam fazer o mínimo de esforço.		0			Sim, você é só mais um dos que "vai ser obrigado" a votar no Bolsonaro no segundo turno porque foi criticado pela "esquerda iluminada".
hej0yqi	t1_heizqny	dapper_drake	NicollasA	1	0	1	Poderia expandir a sua resposta?  Eu vou ter que tentar explicar para um adulto que ser machista, racista, preconceituoso com nordestinos, homofóbico, etc, é ruim?		0			Não sei se ele votaria ou não, mas existe um problema de comunicação sim. As pessoas poderiam fazer o mínimo de esforço.
hejl95z	t1_hej0yqi	NicollasA	dapper_drake	-2	0	-2	Vou dar um exemplo, se você chega já falando que o cara é bolsominion só por causa desse comentário aí, então você não tá contribuindo em nada.  Se você não tem paciência para tentar mudar a opinião de quem votou no Bolsonaro em 2018 é melhor não falar nada.		0			Poderia expandir a sua resposta?  Eu vou ter que tentar explicar para um adulto que ser machista, racista, preconceituoso com nordestinos, homofóbico, etc, é ruim?
hekprfy	t1_hejl95z	dapper_drake	NicollasA	1	0	1	Engraçado que o seu comentário deixa claro que você não tem a mínima paciência para tentar mudar minha opinião.  Seja objetivo. Como posso melhorar minha comunicação com algum eleitor do Bolsonaro?		0			Vou dar um exemplo, se você chega já falando que o cara é bolsominion só por causa desse comentário aí, então você não tá contribuindo em nada.  Se você não tem paciência para tentar mudar a opinião de quem votou no Bolsonaro em 2018 é melhor não falar nada.
hehfij3	t1_heh0qrd	Professional_Lie1641	Goldy_thesupp	10	0	10	Quando seus adversários abertamente negam a realidade e defendem um genocida você tenda a ver eles pelo que são, né		0			Me incomoda muito a arrogância e determinismo que a "esquerda iluminada" tem. Sério, essa mentalidade binária e simplista, por mais que acerte as vezes, só sedimenta essa diferença e corta ponte pra fazer justamente política.  Quando você trata quem é diferente de você como "inimigo", "culpado" e "do mal" por natureza você perde a oportunidade de fazer pontes. Talvez aquele rolê de bloquear geral que não concorda contigo em rede social seja um dos pontos chave do porque a esquerda não consegue mais penetrar na pessoa que não é de esquerda.
hehwher	t1_hehfij3	Goldy_thesupp	Professional_Lie1641	6	0	6	O petistas negam abertamente a realidade e defendem cegamente "a corrupção petista" do ponto de vista dos conservadores. E aí?  Vamos continuar falando de realidade como algo subjetivo ou vamos abrir o campo de visão pra além da bolha e enxergar o que está acontecendo de verdade?		0		0	Quando seus adversários abertamente negam a realidade e defendem um genocida você tenda a ver eles pelo que são, né
hehg02e	t1_heh0qrd	Professional_Lie1641	Goldy_thesupp	10	0	10	A arrogância é sua, você provavelmente não tem nada a perder com Bolsonaro ou seus Minions e por isso não entende que quando um zoófilo, racista, homofóbico e defensor de estupro e tortura aparece tentando deixar centenas de milhares morrerem pro seu experimentozinho de imunidade de rebanho enquanto acaba com todos os serviços públicos do país e deixa a Amazônia queimar (o que tem a ver com essa seca que estamos tendo hoje), as pessoas não vão passar pano pra quem botou ele lá. são inimigos, culpados e do mal. Ponte é o caralho, quem apoia essa porra ainda hoje não tem como ter um pingo de caráter, e mesmo quem deixou de apoiar já mostrou muito da própria face.		0	0		Me incomoda muito a arrogância e determinismo que a "esquerda iluminada" tem. Sério, essa mentalidade binária e simplista, por mais que acerte as vezes, só sedimenta essa diferença e corta ponte pra fazer justamente política.  Quando você trata quem é diferente de você como "inimigo", "culpado" e "do mal" por natureza você perde a oportunidade de fazer pontes. Talvez aquele rolê de bloquear geral que não concorda contigo em rede social seja um dos pontos chave do porque a esquerda não consegue mais penetrar na pessoa que não é de esquerda.
hejphak	t1_hehg02e	Kellar21	Professional_Lie1641	1	0	1	Mas aí a esquerda perde denovo e onde ficam essas reclamações todas?  Viram meme.  Tem que ser mais pragmático.  A direita quando quer se une de maneira que seria absurda, é monarquista com liberal, fascista com ancap.  A esquerda muitas vezes fica de mimimi pq fulano não concorda em algum ponto, vide o que aconteceu com a Dilma e PT, onde a esquerda se virou toda contra eles.  Vê se a direita não se sentir ameaçada, se não esqueçem rapidinho das brigas internas.  Tem que ver, infelizamente, se vale mais a pena ganhar ou estar certo.		0	0		A arrogância é sua, você provavelmente não tem nada a perder com Bolsonaro ou seus Minions e por isso não entende que quando um zoófilo, racista, homofóbico e defensor de estupro e tortura aparece tentando deixar centenas de milhares morrerem pro seu experimentozinho de imunidade de rebanho enquanto acaba com todos os serviços públicos do país e deixa a Amazônia queimar (o que tem a ver com essa seca que estamos tendo hoje), as pessoas não vão passar pano pra quem botou ele lá. são inimigos, culpados e do mal. Ponte é o caralho, quem apoia essa porra ainda hoje não tem como ter um pingo de caráter, e mesmo quem deixou de apoiar já mostrou muito da própria face.
hejpt56	t1_hejphak	Professional_Lie1641	Kellar21	4	0	4	Você meu amigo está certíssimo, mas esse nem é o ponto. Estamos falando aqui de vir de papinho pra Bolsominions como se eles fossem o grupo que temos que focar ou como se eles fossem inocentes. Centro? Tá valendo? Centro direita? Até dá pra discutir. Centro esquerda? Vai tranquilo. Direita? Não gosto mas até me aliaria se eles tratassem a esquerda como igual. Mas a extrema direita não, eles não são inocentes e não devem ser o foco de jeito nenhum		1	0		Mas aí a esquerda perde denovo e onde ficam essas reclamações todas?  Viram meme.  Tem que ser mais pragmático.  A direita quando quer se une de maneira que seria absurda, é monarquista com liberal, fascista com ancap.  A esquerda muitas vezes fica de mimimi pq fulano não concorda em algum ponto, vide o que aconteceu com a Dilma e PT, onde a esquerda se virou toda contra eles.  Vê se a direita não se sentir ameaçada, se não esqueçem rapidinho das brigas internas.  Tem que ver, infelizamente, se vale mais a pena ganhar ou estar certo.
hejrt4g	t1_hejpt56	Kellar21	Professional_Lie1641	2	0	2	Ah, sim, nesse ponto está correto, tem uma parcela que pode vir o melhor argumento e prova em HD 4k que não adianta.  O problema é pintar todos com o mesmo pincel, a parte da propaganda que a direita acerta, é usar coisas que "todos" concordam, e vender isso, escondendo as partes ruims.  A esquerda muitas vezes usa pautas que a maioria não liga, e as a vezes a entrega não é lá muito carismática.  Lógico, tem a parte institucional, mas não ajudam quando as pautas que botam em evidência são pautas indentitárias e entregues de maneira...direta.  É meio ruim de falar mas tem que saber o jogar o jogo deles, infelizmente.  O problema é que já conseguiram pintar muitas causas trabalhistas como "comunismo" e aí cabe a esquerda desvincular isso.  É complicado, mas na minha humilde opinião, o primeiro passo é saber quem é quem e não colocar todos que votaram no Bolsonaro como Bolsonarista, entender pq o fizeram e agir sobre isso, tem uma parcela ali que não tem jeito, mas a maioria só requer trabalho e não apontar o dedo na cara, brasileiro do jeito que é vota só pra contrariar.		1	0		Você meu amigo está certíssimo, mas esse nem é o ponto. Estamos falando aqui de vir de papinho pra Bolsominions como se eles fossem o grupo que temos que focar ou como se eles fossem inocentes. Centro? Tá valendo? Centro direita? Até dá pra discutir. Centro esquerda? Vai tranquilo. Direita? Não gosto mas até me aliaria se eles tratassem a esquerda como igual. Mas a extrema direita não, eles não são inocentes e não devem ser o foco de jeito nenhum
hem1jra	t1_hejphak	miraidensetsu	Kellar21	1	0	1	>A direita quando quer se une de maneira que seria absurda, é monarquista com liberal, fascista com ancap.  Até porque monarquistas, liberais, fascistas (brasileiros) e ancaps tem muito mais convergências ideológicas do que diferenças.  Por exemplo, é possível aplicar o programa econômico liberal em uma monarquia. E ancap é só uma extremização do modelo econômico liberal, então não é tão mais difícil agradar ancaps do que agradar a liberais. E o fascismo pode muito bem ser a cola que une essas ideologias.		1	0		Mas aí a esquerda perde denovo e onde ficam essas reclamações todas?  Viram meme.  Tem que ser mais pragmático.  A direita quando quer se une de maneira que seria absurda, é monarquista com liberal, fascista com ancap.  A esquerda muitas vezes fica de mimimi pq fulano não concorda em algum ponto, vide o que aconteceu com a Dilma e PT, onde a esquerda se virou toda contra eles.  Vê se a direita não se sentir ameaçada, se não esqueçem rapidinho das brigas internas.  Tem que ver, infelizamente, se vale mais a pena ganhar ou estar certo.
hehodow	t1_heh0qrd	MyJokesAreBadhaha	Goldy_thesupp	4	0	4	Mas é exatamente isso mesmo. É o famoso "tudo que eu não gosto é fascismo".     Esquerda: QUEM NÃO APOIA LULA E NEM BOLSONARO VAI VOTAR NO BOLSONARO   MINIONS: QUEM NÃO APOIA LULA E NEM BOLSONARO VAI VOTAR NO LULA     É exatamente o mesmo discurso polarizado, só muda o político.		1			Me incomoda muito a arrogância e determinismo que a "esquerda iluminada" tem. Sério, essa mentalidade binária e simplista, por mais que acerte as vezes, só sedimenta essa diferença e corta ponte pra fazer justamente política.  Quando você trata quem é diferente de você como "inimigo", "culpado" e "do mal" por natureza você perde a oportunidade de fazer pontes. Talvez aquele rolê de bloquear geral que não concorda contigo em rede social seja um dos pontos chave do porque a esquerda não consegue mais penetrar na pessoa que não é de esquerda.
hek9heq	t1_hehodow	thosed29	MyJokesAreBadhaha	2	0	2	Para ser exatamente o mesmo discurso, você teria que acreditar que os governos do PT e o governo Bolsonaro representaram coisas similares para a democracia brasileira.  E é difícil uma visão mais polarizada (e errada) sobre o Brasil do que essa.		0			Mas é exatamente isso mesmo. É o famoso "tudo que eu não gosto é fascismo".     Esquerda: QUEM NÃO APOIA LULA E NEM BOLSONARO VAI VOTAR NO BOLSONARO   MINIONS: QUEM NÃO APOIA LULA E NEM BOLSONARO VAI VOTAR NO LULA     É exatamente o mesmo discurso polarizado, só muda o político.
hehxdmm	t1_hehodow	Goldy_thesupp	MyJokesAreBadhaha	1	0	1	Só ver o pessoal me dando hate achando que sou bolsominion, eu sou filiado a um partido que expulsa sumariamente qualquer um que demonstre apoio ao bolsonaro em qualquer rede social ou mensagem privada. XD		1	0		Mas é exatamente isso mesmo. É o famoso "tudo que eu não gosto é fascismo".     Esquerda: QUEM NÃO APOIA LULA E NEM BOLSONARO VAI VOTAR NO BOLSONARO   MINIONS: QUEM NÃO APOIA LULA E NEM BOLSONARO VAI VOTAR NO LULA     É exatamente o mesmo discurso polarizado, só muda o político.
hehv4gv	t1_heh0qrd	mark1nhu	Goldy_thesupp	2	0	2	> por mais que acerte as vezes  Narrador: “acertou todas as vezes”		0	0		Me incomoda muito a arrogância e determinismo que a "esquerda iluminada" tem. Sério, essa mentalidade binária e simplista, por mais que acerte as vezes, só sedimenta essa diferença e corta ponte pra fazer justamente política.  Quando você trata quem é diferente de você como "inimigo", "culpado" e "do mal" por natureza você perde a oportunidade de fazer pontes. Talvez aquele rolê de bloquear geral que não concorda contigo em rede social seja um dos pontos chave do porque a esquerda não consegue mais penetrar na pessoa que não é de esquerda.
hehqt62	t1_heh0qrd	asj3004	Goldy_thesupp	0	0	0	Eu sempre disse isso, mas você colocou de forma precisa e muito bem articulada. Eu já dizia, nas eleições de 2014, que era errado chamar de fascista quem votava no Aécio. Nem todo mundo é tão politizado. Votou no biroliro porque votou, sabe lá o motivo. Se for hostilizado pela corrente política contrária, vai ser empurrado para os braços do demo. É importante que os progressistas recebam os arrependidos de braços abertos.		1	0		Me incomoda muito a arrogância e determinismo que a "esquerda iluminada" tem. Sério, essa mentalidade binária e simplista, por mais que acerte as vezes, só sedimenta essa diferença e corta ponte pra fazer justamente política.  Quando você trata quem é diferente de você como "inimigo", "culpado" e "do mal" por natureza você perde a oportunidade de fazer pontes. Talvez aquele rolê de bloquear geral que não concorda contigo em rede social seja um dos pontos chave do porque a esquerda não consegue mais penetrar na pessoa que não é de esquerda.
hehxtr7	t1_hehqt62	Goldy_thesupp	asj3004	2	0	2	Com um pé atrás também, mas não adianta ficar falando "eu sou intelijente você é burro eu sou intelijente você é burro" e achar que vai fazer algo com isso.  É muito ego e briga pra ver quem é o pirocudo da panelinha de esquerda e pouca massa cinzenta pra prevenir que a direita coopte essas pessoas de novo. Só ver que a galera é "antibolsonaro" mas não sabe dizer quem financia, banca e se beneficia desse governo. Ou melhor, não sabe propor como fazer com que os mecanismos que deram origem ao bolsonarismo se repitam, no máximo fala abertamente de educação.		0			Eu sempre disse isso, mas você colocou de forma precisa e muito bem articulada. Eu já dizia, nas eleições de 2014, que era errado chamar de fascista quem votava no Aécio. Nem todo mundo é tão politizado. Votou no biroliro porque votou, sabe lá o motivo. Se for hostilizado pela corrente política contrária, vai ser empurrado para os braços do demo. É importante que os progressistas recebam os arrependidos de braços abertos.
heh3np4	t1_hegzdll	notimano	Pkmn-	8	0	8	Isso é desejo seu? Porque a essa altura do campeonato ficar com piada com isso, acreditando em metafísica frente a realidade da inflação, da economia e de todo o resto é pura arrogância.		0	0		Spoiler: as fake news do zap vão assustar eles de novo e vão votar 17 no sigilo
heh6n4o	t1_heh3np4	lgb_br	notimano	14	0	14	E tem coisa mais arrogante que o brasileiro médio?   Conheço muita gente que se tiver que escolher entre admitir que errou ou ganhar 1 milhão de dólares continua pobre. Ainda mais se for pra admitir que tá na merda pq foi apresentado com uma escolha óbvia e resolver ser burro.		0			Isso é desejo seu? Porque a essa altura do campeonato ficar com piada com isso, acreditando em metafísica frente a realidade da inflação, da economia e de todo o resto é pura arrogância.
hehnyub	t1_heh3np4	Pkmn-	notimano	10	0	10	Longe de ser desejo meu. Meu desejo não pode ser postado aqui pois viola certas regras do sub, mas é que eu me canso de ver essa discussão todo dia, a mesma velha demonização do Luka e do PT, o mesmo antipetismo de sempre com as pessoas ousando comparar o maior presidente da história recente do Brasil com esse bronco inepto facho sem escrúpulos.		0	0	1	Isso é desejo seu? Porque a essa altura do campeonato ficar com piada com isso, acreditando em metafísica frente a realidade da inflação, da economia e de todo o resto é pura arrogância.
hehruo1	t1_hegzdll	Vinicius_ZA	Pkmn-	0	0	0	Então aproveita e me diz os números da próxima mega-sena aí por favor					Spoiler: as fake news do zap vão assustar eles de novo e vão votar 17 no sigilo
hei5z2b	t1_hehruo1	Tiger_Robocop	Vinicius_ZA	6	0	6	Ah, de novo tá vindo o pessoal do "você não pode prever o futuro".  Eles apareceram pra mim quando do eu falei que o Bozo ia ganhar a última eleição.  E quando eu falei que o Moro tava fazendo jogo pra virar político, antes de ele ser feito ministro.  E quando eu falei que com o Bozo no poder iam ter mortes como consequência direta da mentalidade facista dele.  E quando eu falei que o Trump ia ganhar a eleição dele (a original).  Mas claro, *dessa vez* vocês tem razão, e é impossível de prever acontecimentos a partir do nosso conhecimento do presente.		0	0		Então aproveita e me diz os números da próxima mega-sena aí por favor
hekeae4	t1_hei5z2b	snib_snib	Tiger_Robocop	0	0	0	>E quando eu falei que com o Bozo no poder iam ter mortes como consequência direta da mentalidade facista dele.  Caramba, você previu o COVID?  Espero que tenha comprado ações da Pfizer.		0			Ah, de novo tá vindo o pessoal do "você não pode prever o futuro".  Eles apareceram pra mim quando do eu falei que o Bozo ia ganhar a última eleição.  E quando eu falei que o Moro tava fazendo jogo pra virar político, antes de ele ser feito ministro.  E quando eu falei que com o Bozo no poder iam ter mortes como consequência direta da mentalidade facista dele.  E quando eu falei que o Trump ia ganhar a eleição dele (a original).  Mas claro, *dessa vez* vocês tem razão, e é impossível de prever acontecimentos a partir do nosso conhecimento do presente.
hehxzj2	t1_hehruo1	Pkmn-	Vinicius_ZA	2	0	2	2 7 16 19 32 41					Então aproveita e me diz os números da próxima mega-sena aí por favor
heh07ee	t3_pwgft0	kenny318	Raiz	65	0	65	> 85% dos eleitores do presidente defendem o uso obrigatório de máscaras  Duvido que esta pergunta foi clara.	0		0		
hegw8fh	t3_pwgft0	morimotorama	Raiz	58	0	58	Governo PT já é lembrado com nostalgia	0			0	
hegwnf1	t1_hegw8fh	Jack_125	morimotorama	66	0	66	O Lula é o presidente mais bem aprovado da história democrática brasileira, ninguém deveria se surpreender com esse saudosismo		0			Governo PT já é lembrado com nostalgia
hegx0qz	t1_hegwnf1	morimotorama	Jack_125	27	0	27	Verdade. O problema da nostalgia é que só lembram do que era bom e minimiza o que era ruim. Brasil teve uma boa época, mas sempre com dificuldades. Meu medo é voltar o PT e o povo desiludir, apesar de as coisas melhorarem aos poucos.		1		0	O Lula é o presidente mais bem aprovado da história democrática brasileira, ninguém deveria se surpreender com esse saudosismo
hegx9gv	t1_hegx0qz	Jack_125	morimotorama	38	0	38	Acho q no momento todo mundo só quer q o barco pare de afundar  Isso feito vão se olhar pro capitão com olhos mais políticos e aí pode sim desandar  Mas conhecendo o Lula ele tem mais do q capacidade de agradar quem precisa agradar pra ter governabilidade, o q claro tmb tem seus perigos		1		0	Verdade. O problema da nostalgia é que só lembram do que era bom e minimiza o que era ruim. Brasil teve uma boa época, mas sempre com dificuldades. Meu medo é voltar o PT e o povo desiludir, apesar de as coisas melhorarem aos poucos.
heh4afr	t1_hegx0qz	dapper_drake	morimotorama	4	0	4	Perto de 2019 pra cá o que você considera ruim no governo do PT?		0			Verdade. O problema da nostalgia é que só lembram do que era bom e minimiza o que era ruim. Brasil teve uma boa época, mas sempre com dificuldades. Meu medo é voltar o PT e o povo desiludir, apesar de as coisas melhorarem aos poucos.
heh4r0e	t1_heh4afr	bgh251f2	dapper_drake	13	0	13	Muitas alianças escusas com grupos conservadores como o agro e os evangélicos. Falta de aplicação de uma estratégia a longo prazo com melhorias em educação e saúde por exemplo.   Não regulou a mídia.				0	Perto de 2019 pra cá o que você considera ruim no governo do PT?
hehd65t	t1_heh4r0e	dapper_drake	bgh251f2	1	0	1	O Bolsonaro checa todos os pontos acima e fez todas aquelas milhões de merdas que todos conhecemos.		0	0		Muitas alianças escusas com grupos conservadores como o agro e os evangélicos. Falta de aplicação de uma estratégia a longo prazo com melhorias em educação e saúde por exemplo.   Não regulou a mídia.
hehh35z	t1_hehd65t	bgh251f2	dapper_drake	11	0	11	Não estou negando.  Você pediu os pontos negativos do governo PT eu forneci os que eu lembrei de pronto.  Se eu for falar do governo Bolsonaro eu vou ficar com LER de tanto digitar.		1	0		O Bolsonaro checa todos os pontos acima e fez todas aquelas milhões de merdas que todos conhecemos.
hehj9ia	t1_hehh35z	dapper_drake	bgh251f2	3	0	3	Então acho que você entendeu errado meu comentário.  Os governos do PT estão a um abismo de terem sido perfeitos.  Estou comparando com o inferno que temos vivido desde 2019.		0	0	0	Não estou negando.  Você pediu os pontos negativos do governo PT eu forneci os que eu lembrei de pronto.  Se eu for falar do governo Bolsonaro eu vou ficar com LER de tanto digitar.
hehqif3	t1_heh4r0e	WelCosta	bgh251f2	-3	0	-3	Regular a Mídia ???		0			Muitas alianças escusas com grupos conservadores como o agro e os evangélicos. Falta de aplicação de uma estratégia a longo prazo com melhorias em educação e saúde por exemplo.   Não regulou a mídia.
hehundz	t1_hehqif3	bgh251f2	WelCosta	6	0	6	Há muita concentração na propriedade dos meios de comunicação em poucas famílias e grupos empresariais.  Isso faz com que as narrativas sirvam a interesses de poucos.  Fora é claro o fato de que não temos direito de resposta regulamentado.				0	Regular a Mídia ???
hehbgxk	t3_pwgft0	nothing_2see-here	Raiz	42	0	42	Isso acontece porque pasmem: poucos são bolsonaristas. Muitos votaram nele. Existe um abismo de diferença.	0				
hei530p	t1_hehbgxk	Tiger_Robocop	nothing_2see-here	2	0	2	Se você votou num candidato você apoiou diretamente aquele candidato.  Se mudaram de ideia, que bom, mas entre mudar de ideia e vir com "eu nunca acreditei nas coisas do sujeito que eu elegi" tem um abismo de diferença.		0	0		Isso acontece porque pasmem: poucos são bolsonaristas. Muitos votaram nele. Existe um abismo de diferença.
heiwiug	t1_hei530p	ChewbaccasLostMedal	Tiger_Robocop	9	0	9	Vcs realmente subestimam o quanto da população brasileira é completamente analfabeta política, o quanto do voto do brasileiro é baseado únicamente no "ah, ele parece ser simpático", ou algo do tipo, né?  Eu tenho familiares que votaram no Collor pq ele era bonito. Tenho conhecidos que nunca sequer tinham ouvido falar no Bolsonaro antes da eleição, e que nem sabem direito o que é fascismo (e não no sentido de "acha que sabe mas não sabe", mas no sentido "literalmente não tem a menor ideia do que a palavra significa" mesmo).  E isso é uma parcela muito, MUITO grande do Brasil.  Acreditar que todo mundo que votou no Bolsonaro compactuava com as ideias escrotas dele - ou sequer **sabia** do que ele falou ou deixou de falar - é se declarar preso na bolha social de pessoas com educação política (e sim, no Brasil, isso é uma bolha, e uma bolha até que relativamente pequena).		0	0		Se você votou num candidato você apoiou diretamente aquele candidato.  Se mudaram de ideia, que bom, mas entre mudar de ideia e vir com "eu nunca acreditei nas coisas do sujeito que eu elegi" tem um abismo de diferença.
heiz14k	t1_heiwiug	Tiger_Robocop	ChewbaccasLostMedal	1	0	1	Não discordo, tem gente que votou nele por ignorância.  Mas ainda assim votaram nele, e foram sim bolsonaristas na sua ignorância. Se um sujeito não sabe dirigir entra num carro e atropela alguém, você diria "mas o coitado nunca aprendeu a freiar"? A partir do momento que a pessoa escolheu entrar no carro, ela se torna responsável por todas as ações que isso leva.  Se não, se a gente partir do pressuposto que as pessoas não podem ser responsabilizadas pelo próprio voto, então já podemos começar a dizer que é pra vir uma ditadura mesmo, pois estamos admitindo não acreditar na capacidade de um povo de tomar decisões políticas.		1	0		Vcs realmente subestimam o quanto da população brasileira é completamente analfabeta política, o quanto do voto do brasileiro é baseado únicamente no "ah, ele parece ser simpático", ou algo do tipo, né?  Eu tenho familiares que votaram no Collor pq ele era bonito. Tenho conhecidos que nunca sequer tinham ouvido falar no Bolsonaro antes da eleição, e que nem sabem direito o que é fascismo (e não no sentido de "acha que sabe mas não sabe", mas no sentido "literalmente não tem a menor ideia do que a palavra significa" mesmo).  E isso é uma parcela muito, MUITO grande do Brasil.  Acreditar que todo mundo que votou no Bolsonaro compactuava com as ideias escrotas dele - ou sequer **sabia** do que ele falou ou deixou de falar - é se declarar preso na bolha social de pessoas com educação política (e sim, no Brasil, isso é uma bolha, e uma bolha até que relativamente pequena).
hej53ph	t1_heiz14k	HorizontNull	Tiger_Robocop	1	0	1	Mas por séculos, freiar ou não nunca mudou nada na vida do brasileiro comum, pq seria assim agora?		0			Não discordo, tem gente que votou nele por ignorância.  Mas ainda assim votaram nele, e foram sim bolsonaristas na sua ignorância. Se um sujeito não sabe dirigir entra num carro e atropela alguém, você diria "mas o coitado nunca aprendeu a freiar"? A partir do momento que a pessoa escolheu entrar no carro, ela se torna responsável por todas as ações que isso leva.  Se não, se a gente partir do pressuposto que as pessoas não podem ser responsabilizadas pelo próprio voto, então já podemos começar a dizer que é pra vir uma ditadura mesmo, pois estamos admitindo não acreditar na capacidade de um povo de tomar decisões políticas.
hekb5vx	t1_hej53ph	Tiger_Robocop	HorizontNull	2	0	2	Por séculos o que? Diretas Já não tem nem 40 anos, e mudou completamente o sistema governamental.  E ah mano, pelamor. Entre 2013 e 2018 era um bando de "vamos tirar tudo isso ai", "é bom Jair se acostumando", "precisamos da volta da ditadura" e muito mais, e você tá agora querendo me dizer que as pessoas achavam que o voto delas não ia fazer diferença?  É engraçado como na época que era pra tirar a esquerda do poder por pedalas, o "gigante acordou", mas agora com governo de direita e 600 mil mortes de repente o papo do "político é tudo igual, não adianta fazer oposição" voltou com tudo.		0	0		Mas por séculos, freiar ou não nunca mudou nada na vida do brasileiro comum, pq seria assim agora?
heiy5r0	t1_hei530p	absolutely_MAD	Tiger_Robocop	8	0	8	Apoiar != Concordar  A grande maioria das pessoas está se lixando pra o que o candidato profere, quem ele discrimina ou o que ele faz. Votam em quem eles acreditam que vai garantir mais segurança na esquina com a padaria e um aumento no emprego.  Em 2018, diria que quem votou no Pocket por que realmente concordava com a merda que ele falava não foi quem ganhou a eleição pra ele. Quem deu a presidência pra ele percebeu a maior crise desde os anos 90, a maior taxa de assassinatos na história do país, história de corrupção todo dia na TV e votou no cara que, pro bem ou pro mal, parecia mais firme na oposição.   Ano que vem vão fazer exatamente  as mesmas observações. Imagino que a conclusão vai ser parecida.		0			Se você votou num candidato você apoiou diretamente aquele candidato.  Se mudaram de ideia, que bom, mas entre mudar de ideia e vir com "eu nunca acreditei nas coisas do sujeito que eu elegi" tem um abismo de diferença.
hej0muo	t1_heiy5r0	Tiger_Robocop	absolutely_MAD	-7	0	-7	>Apoiar != Concordar  Apoiar significa concordar sim senhor. Ninguém nunca vai dar apoio à algo que não concorde.  No seu caso você concordou com todo o discurso bozista de "mudar o que tá ai", é apoiou ele por isso.  >Quem deu a presidência pra ele percebeu a maior crise desde os anos 90, a maior taxa de assassinatos na história do país, história de corrupção todo dia na TV e votou no cara que, pro bem ou pro mal, parecia mais firme na oposição.   E aqui vemos o típico "bolsonarista arrependido".  Votou no corno, e, mesmo depois de 600 mil mortes, não tem os culhões de admitir que cometeu um erro. Continua repetindo todos os argumentos que o corno falou na última eleição, enquanto ao mesmo tempo fala que não concorda com eles.  Vai tomar vergonha na cara, covarde.		0	0		Apoiar != Concordar  A grande maioria das pessoas está se lixando pra o que o candidato profere, quem ele discrimina ou o que ele faz. Votam em quem eles acreditam que vai garantir mais segurança na esquina com a padaria e um aumento no emprego.  Em 2018, diria que quem votou no Pocket por que realmente concordava com a merda que ele falava não foi quem ganhou a eleição pra ele. Quem deu a presidência pra ele percebeu a maior crise desde os anos 90, a maior taxa de assassinatos na história do país, história de corrupção todo dia na TV e votou no cara que, pro bem ou pro mal, parecia mais firme na oposição.   Ano que vem vão fazer exatamente  as mesmas observações. Imagino que a conclusão vai ser parecida.
hej2ruf	t1_hej0muo	absolutely_MAD	Tiger_Robocop	5	0	5	Mas que atitude absolutamente idiota. Não vou discutir, claramente não vale a pena.    Não votei no Bolsonaro. Espero que reconsidere sua arrogância.		0	0		>Apoiar != Concordar  Apoiar significa concordar sim senhor. Ninguém nunca vai dar apoio à algo que não concorde.  No seu caso você concordou com todo o discurso bozista de "mudar o que tá ai", é apoiou ele por isso.  >Quem deu a presidência pra ele percebeu a maior crise desde os anos 90, a maior taxa de assassinatos na história do país, história de corrupção todo dia na TV e votou no cara que, pro bem ou pro mal, parecia mais firme na oposição.   E aqui vemos o típico "bolsonarista arrependido".  Votou no corno, e, mesmo depois de 600 mil mortes, não tem os culhões de admitir que cometeu um erro. Continua repetindo todos os argumentos que o corno falou na última eleição, enquanto ao mesmo tempo fala que não concorda com eles.  Vai tomar vergonha na cara, covarde.
hem3mo3	t1_hej0muo	miraidensetsu	Tiger_Robocop	1	0	1	>Apoiar significa concordar sim senhor. Ninguém nunca vai dar apoio à algo que não concorde.  Apoio crítico existe.		0			>Apoiar != Concordar  Apoiar significa concordar sim senhor. Ninguém nunca vai dar apoio à algo que não concorde.  No seu caso você concordou com todo o discurso bozista de "mudar o que tá ai", é apoiou ele por isso.  >Quem deu a presidência pra ele percebeu a maior crise desde os anos 90, a maior taxa de assassinatos na história do país, história de corrupção todo dia na TV e votou no cara que, pro bem ou pro mal, parecia mais firme na oposição.   E aqui vemos o típico "bolsonarista arrependido".  Votou no corno, e, mesmo depois de 600 mil mortes, não tem os culhões de admitir que cometeu um erro. Continua repetindo todos os argumentos que o corno falou na última eleição, enquanto ao mesmo tempo fala que não concorda com eles.  Vai tomar vergonha na cara, covarde.
hegtjkw	t3_pwgft0	fcampos2015	Raiz	31	0	31	Queria entender a mente de quem vota no Bolsonaro e depois no Lula em um espaço de uns 3 anos.	0		0	0	
hegwrgt	t1_hegtjkw	Dhorus	fcampos2015	58	0	58	Achar que o povo tá preocupado com direita e esquerda, quem é liberal e quem é comunista, ou coisa do tipo, é um erro.  Povo nem sabe o que é isso.  Eles votam em quem tem mais identificação pessoal mesmo. Em quem ganha pelo carisma e pelo jeito "povão" de ser.  Exemplo disso é que quando o Lula saiu das eleições de 2018, boa parte dos votos dele foi para o Bolsonaro, porque depois do Lula (que era "gente como a gente"), o mais próximo de "povão, gente como a gente" era justamente o Bolsonaro.  Essa coisa de foto com peixe, pão com leite condensado, comer burger king... A gente zoa essas coisas mas esse tipo de coisa tem muito mais importância do que parece pro povão pobre, porque dá uma idéia de "eu sou simples e humilde como você, e sei exatamente o que você quer que o governo faça".		0	0		Queria entender a mente de quem vota no Bolsonaro e depois no Lula em um espaço de uns 3 anos.
hehdrae	t1_hegwrgt	xenosthemutant	Dhorus	8	0	8	Tangencialmente, quem são os loucos que acham que o Dória tem chances de ser presidente?  Cara, Brasileiro nunca gostou nem nunca vai votar em um almofadinha para presidente.		1			Achar que o povo tá preocupado com direita e esquerda, quem é liberal e quem é comunista, ou coisa do tipo, é um erro.  Povo nem sabe o que é isso.  Eles votam em quem tem mais identificação pessoal mesmo. Em quem ganha pelo carisma e pelo jeito "povão" de ser.  Exemplo disso é que quando o Lula saiu das eleições de 2018, boa parte dos votos dele foi para o Bolsonaro, porque depois do Lula (que era "gente como a gente"), o mais próximo de "povão, gente como a gente" era justamente o Bolsonaro.  Essa coisa de foto com peixe, pão com leite condensado, comer burger king... A gente zoa essas coisas mas esse tipo de coisa tem muito mais importância do que parece pro povão pobre, porque dá uma idéia de "eu sou simples e humilde como você, e sei exatamente o que você quer que o governo faça".
hehsmmr	t1_hehdrae	dapper_drake	xenosthemutant	7	0	7	Collor: am I a joke to you?		0			Tangencialmente, quem são os loucos que acham que o Dória tem chances de ser presidente?  Cara, Brasileiro nunca gostou nem nunca vai votar em um almofadinha para presidente.
hegxby8	t1_hegwrgt	fcampos2015	Dhorus	-1	0	-1	Sim, existe essa galera.  Ainda assim é muito estranho alguém votar no candidato x e depois votar no inimigo direto dele 3 anos depois.		1			Achar que o povo tá preocupado com direita e esquerda, quem é liberal e quem é comunista, ou coisa do tipo, é um erro.  Povo nem sabe o que é isso.  Eles votam em quem tem mais identificação pessoal mesmo. Em quem ganha pelo carisma e pelo jeito "povão" de ser.  Exemplo disso é que quando o Lula saiu das eleições de 2018, boa parte dos votos dele foi para o Bolsonaro, porque depois do Lula (que era "gente como a gente"), o mais próximo de "povão, gente como a gente" era justamente o Bolsonaro.  Essa coisa de foto com peixe, pão com leite condensado, comer burger king... A gente zoa essas coisas mas esse tipo de coisa tem muito mais importância do que parece pro povão pobre, porque dá uma idéia de "eu sou simples e humilde como você, e sei exatamente o que você quer que o governo faça".
hegvsw4	t1_hegtjkw	Fresh-Contest-4421	fcampos2015	7	0	7	Bolsonaro ganhou por causa do Lula e agora o Lula ganha por causa do Bolsonaro kkkkkk. É de fuder kkkkk. Se pa 2026 bozó volta não duvido nada.		1	0	0	Queria entender a mente de quem vota no Bolsonaro e depois no Lula em um espaço de uns 3 anos.
heh0el7	t1_hegvsw4	Goldy_thesupp	Fresh-Contest-4421	7	0	7	Vem o próximo bolsonaro quando for a hora de rodar a roda forte pra direita de novo. Vale lembrar que nos governos petistas a roda parou de girar pra direita mas não girou pra esquerda, já que a maioria das soluções do petismo foram soluções liberais que não resolveram problemas de longo prazo e apenas surfaram na onda dos comodities.  Eu tô pra dizer que a maioria das mudanças positivas tiveram origem fora da corrente dominante do petismo (que é essencialmente conciliadora e liberal).		1	0	0	Bolsonaro ganhou por causa do Lula e agora o Lula ganha por causa do Bolsonaro kkkkkk. É de fuder kkkkk. Se pa 2026 bozó volta não duvido nada.
hegzevp	t3_pwgft0	coiotebh	Raiz	24	0	24	Bolsonaro vai ser o maior "criador" de comunistas da história kkkkk	1				
heh7dv8	t3_pwgft0	FingolfinX	Raiz	10	0	10	r/UpliftingNews	1		0		
heh1f32	t3_pwgft0	trafans	Raiz	6	0	6	>em um eventual segundo turno entre Lula e Bolsonaro, migrariam seus votos para o petista. Ao todo, 23% votariam em Lula, 65% repetiriam o voto em Bolsonaro e 12% votariam em branco ou nulo neste cenário.  >No cenário de primeiro turno, Lula também é o que vai melhor entre os arrependidos do voto em 2018. 16% votariam no petista; 7% em Ciro Gomes (PDT); 6% em João Doria (PSDB); 3% em Luis Henrique Mandetta (DEM); 9% em branco, nulo ou nenhum. Segundo o Datafolha, só 56% repetiriam o voto no ex-capitão.  Então ele perdeu quase metade dos votos no 1º turno e 1/3 dos votos no 2º turno.   Se confirmar isso, já era pra ele. Ele não ganhou com folga suficiente pra poder perder 35% dos votos.	1				
hei5uvp	t3_pwgft0	rick_ruffin	Raiz	5	0	5	Pobre Brasil.  Você não vai ter um bom lider	0			0	
heic3zg	t3_pwgft0	RiobaldoJagunco	Raiz	3	0	3	Eu realmente gostaria de saber quais foram as perguntas feitas. Algumas respostas apresentas no artigo não fazem sentido.	0				
hei047m	t3_pwgft0	Visitante029	Raiz	2	0	2	Agora tem pequisa para saber quem é bolsonarista arrependido.   E quantos são os lulistas arrependidos?	1				
heibuna	t3_pwgft0	brunohartmann	Raiz	2	0	2	<Jackie Chan confuso>	0				
heihvk0	t3_pwgft0	Hikari_Owari	Raiz	2	0	2	"Vamos tirar um criminoso da presidência votando em um criminoso pra presidência"  Tá ó, de parabéns.  Lula pro inferno e leva o Bozo junto.	0		0	0	
hejf29g	t1_heihvk0	Ton1tee	Hikari_Owari	2	0	2	Espero que isso não aconteça 🙏🙏	0	1		0	"Vamos tirar um criminoso da presidência votando em um criminoso pra presidência"  Tá ó, de parabéns.  Lula pro inferno e leva o Bozo junto.
heioh2u	t3_pwgft0	scalabitano	Raiz	2	0	2	O Brasil tem enorme potencial, espero que elejam alguém que saiba usar os recursos do pais e não só, o pais está numa posição cimeira no que toca a liderança da MERCOSUR. Lembrem o contexto internacional em que vivemos, a América latina tem as maiores reservas de lítio e petróleo do planeta terra, explore-se o petróleo enquanto a transição estiver em andamento, entretanto prepare-se as competências para extrair, processar e transformar o lítio em produtos de valor acrescentado, nomeadamente baterias para carros e até para as redes elétricas. O futuro estás nas vossas mãos, votem em alguém inteligente e não em alguém popular.	0			0	
hejfckn	t1_heioh2u	Ton1tee	scalabitano	-2	0	-2	Até agora o Eduardo Leite me parece ser o melhor candidato, um cara tranquilo é o que nós realmente precisamos agora.		1	0	0	O Brasil tem enorme potencial, espero que elejam alguém que saiba usar os recursos do pais e não só, o pais está numa posição cimeira no que toca a liderança da MERCOSUR. Lembrem o contexto internacional em que vivemos, a América latina tem as maiores reservas de lítio e petróleo do planeta terra, explore-se o petróleo enquanto a transição estiver em andamento, entretanto prepare-se as competências para extrair, processar e transformar o lítio em produtos de valor acrescentado, nomeadamente baterias para carros e até para as redes elétricas. O futuro estás nas vossas mãos, votem em alguém inteligente e não em alguém popular.
hejpqnm	t1_hejfckn	Saltimbancos	Ton1tee	4	0	4	Prefiro um presidente bom do que um bosta tranquilo.		0			Até agora o Eduardo Leite me parece ser o melhor candidato, um cara tranquilo é o que nós realmente precisamos agora.
hek37f8	t1_hejpqnm	Ton1tee	Saltimbancos	-2	0	-2	Ele é bom, quando eu digo no sentido tranquilo, eu falo no caso de causar menos polarização, como vai acontecer inevitavelmente com o Bolsonaro ou Lula.		0	0	0	Prefiro um presidente bom do que um bosta tranquilo.
heka61r	t1_hek37f8	thosed29	Ton1tee	3	0	3	Sim, vai causar menos polarização porque ele entrega de bandeja 100% dos interesses do establishment.  A polarização com um governo de esquerda me parece um preço bem melhor a se pagar.		0	0	1	Ele é bom, quando eu digo no sentido tranquilo, eu falo no caso de causar menos polarização, como vai acontecer inevitavelmente com o Bolsonaro ou Lula.
hegwxqj	t3_pwgft0	barrazero	Raiz	1	0	1	Culpa do marreco. Quéeeck!!!!	0				
heivl2f	t3_pwgft0	jameraldo	Raiz	2	0	2	De fuder trocar Bolsonaro por Lula, brasileiro não aprende que não tem só esses 2 macacos pra votar	0		0	0	
hekewxf	t1_heivl2f	snib_snib	jameraldo	2	0	2	Em uma nota semi-relatada, eu acho ''macaco'' uma palavra muito engraçada e boa pra se usar de ofensa, é uma pena que as pessoas vejam com conotação racista, então não tem nem como usar.		0			De fuder trocar Bolsonaro por Lula, brasileiro não aprende que não tem só esses 2 macacos pra votar
hej26hq	t3_pwgft0	johnpadiola	Raiz	1	0	1	Here we go again...	0				
hej2dq3	t3_pwgft0	Volcano_Girl_22	Raiz	1	0	1	Agora em quem essas criaturas querem votar no primeiro turno então? Preocupante 👀	0		0	0	
hejizgi	t3_pwgft0	kozuskoo	Raiz	1	0	1	E o argumento de haver 57 milhões de fascistas não fazia nenhum sentido, pra surpresa de quase ninguém.  Galera votou pq era um populista barato e vão votar no Lula por ser outro. Voto por ideologia não deve dar 5% dos totais.	0		0	0	
hejkwg4	t3_pwgft0	magnemist	Raiz	1	0	1	Confesso que ri, mas não vou falar do quê.	0				
hejnq16	t3_pwgft0	klaus0001	Raiz	1	0	1	Kkkk	0				
hejt4jt	t3_pwgft0	The_crow_of_Galia	Raiz	1	0	1	Ai ai democracia...					
hekn2kw	t3_pwgft0	MountainAsparagus4	Raiz	1	0	1	Trocar um ladrão populista por outro, depois a pergunta que não quer calar continua PoR qUE sErA qUe o BrAsiL nUm vAi para fRenTe, grande mistério	0		0	0	
helg3fc	t3_pwgft0	Quiet-Brazilian-71	Raiz	1	0	1	Dependendo da sua “bolha de convivência” você vai esbarrar com aloprados gritando mito... mas a realidade dos preços dos alimentos nos supermercados estai aí para todos. Muitas perdas de entes queridos por uma doença que poderia ter a situação de transmissão melhor controlada e administrada se ele não fosse um completo incompetente. O combate à corrupção é o mais importante e o Bozo soube se vender em 2018 mas a realidade de mil dias de governo dele fica difícil demais votar de novo nesse facista do baralho!	1		0		
heh8z9h	t3_pwgft0	AncientPlatypus	Raiz	0	0	0	Brasil é muito loko					
hehlm3g	t3_pwgft0	Zackville	Raiz	0	0	0	O importante é lembrar o que as pesquisas falavam e o que aconteceu de fato.					
hehngu9	t3_pwgft0	FardosPesados	Raiz	0	0	0	Quero só ver...	0				
hehwb8y	t3_pwgft0	LDG192	Raiz	0	0	0	Difícil acreditar. Bolsonarista votando em Lula ou vice-e-versa fere a ordem natural das coisas.	0				
hej6xbr	t3_pwgft0	jeopaladino	Raiz	0	0	0	Não quero pensar nessa possibilidade, mais 4 anos de sofrimento independente de qual ganhe.	0		0	0	
heh0c14	t3_pwgft0	Xiiba	Raiz	-1	0	-1	Memória curta que fala né?	0			0	
heibrci	t3_pwgft0	jhaohh	Raiz	-1	0	-1	Por que não votam no primeiro turno?					
heiy1xz	t3_pwgft0	O0kah	Raiz	-1	0	-1	Os dois são ruins. Essa é a verdade, colocar um ruim só porque o outro foi pior.	0		0	0	
hej7c45	t3_pwgft0	xxKnightmarex	Raiz	-1	0	-1	Deus me livre, eu voto nulo mas não voto nem nesse facista, genocida, sem noção e sem capacitação alguma para liderar um país nem nesse bebum, mentiroso, ladrão que quase faliu o país, saiu do poder antes do circo pegar fogo e deixou a bomba pra Dilminha lexotan segurar! E burro, trouxa, gado e iludido quem não fizer igual. E antes que alguem venha, ah vc não escolhe um lado, vc tbm tem culpa, eu respondo: um caralho! culpado é vc que se submeteu a escolher aceitar um lado e defende "político" de estimação.	0			0	
heh7sdg	t3_pwgft0	arup02	Raiz	-3	0	-3	A chapa bolsolula cada vez se consolidando mais...					
heh6qsl	t3_pwgft0	Flavio_bruxo	Raiz	-4	0	-4	Pra provar que são gados mesmo, vão cometer o mesmo erro novamente, parabéns	0		0	0	
hehlur3	t3_pwgft0	biririri	Raiz	-4	0	-4	Quem é burro é burro.	0				
heiypnk	t3_pwgft0	frankie_kashiwa	Raiz	-5	0	-5	hahahhahahahah fonte datafolha num link da carta capital   colega eu como comida fria pq aperto 17 ate no microondas	0		1	0	